ID,AbsRelbias,RR,SSize
Paper drop,11.132128433208653,44.76583064815038,14680.707865168539
F2F,8.436963272744793,73.49691791526534,3323.6395793499046
Mail,8.984696902326618,58.9159560392253,11831.20722001137
Telephone,11.141140101487053,57.42898495491189,15822.112299465241
Web,12.67446690342985,47.95248044023178,30615.033033033033
NA,10.490908878012974,47.82977072927203,13006.634328358208
